{"specversion":"1.0","id":"dc0cd3a4-224d-4646-b495-0a5502f33949","source":"https://minikube.sigs.k8s.io/","type":"io.k8s.sigs.minikube.step","datacontenttype":"application/json","data":{"currentstep":"0","message":"* minikube v1.25.2 on Microsoft Windows 10 Pro 10.0.19042 Build 19042","name":"Initial Minikube Setup","totalsteps":"19"}}
{"specversion":"1.0","id":"edd4b213-b4c4-460a-a296-b1867b64e586","source":"https://minikube.sigs.k8s.io/","type":"io.k8s.sigs.minikube.step","datacontenttype":"application/json","data":{"currentstep":"1","message":"* Automatically selected the hyperv driver","name":"Selecting Driver","totalsteps":"19"}}
{"specversion":"1.0","id":"7dc9b2e8-8054-4a97-a9f6-53ee8dad1f36","source":"https://minikube.sigs.k8s.io/","type":"io.k8s.sigs.minikube.step","datacontenttype":"application/json","data":{"currentstep":"1","message":"* Downloading VM boot image ...","name":"Selecting Driver","totalsteps":"19"}}
{"specversion":"1.0","id":"0157748c-5bea-475c-98c3-8207b786a368","source":"https://minikube.sigs.k8s.io/","type":"io.k8s.sigs.minikube.step","datacontenttype":"application/json","data":{"currentstep":"3","message":"* Starting control plane node minikube in cluster minikube","name":"Starting Node","totalsteps":"19"}}
{"specversion":"1.0","id":"b3485d2a-ae7b-4bb4-8120-81844c163ede","source":"https://minikube.sigs.k8s.io/","type":"io.k8s.sigs.minikube.step","datacontenttype":"application/json","data":{"currentstep":"3","message":"* Downloading Kubernetes v1.23.3 preload ...","name":"Starting Node","totalsteps":"19"}}
{"specversion":"1.0","id":"e7f3eb9a-911d-47bf-9367-54ebf12b732e","source":"https://minikube.sigs.k8s.io/","type":"io.k8s.sigs.minikube.step","datacontenttype":"application/json","data":{"currentstep":"3","message":"* Download complete!","name":"Starting Node","totalsteps":"19"}}
